省份,车站,编码
安徽,安庆,AQH
安徽,安庆西,APH
安徽,蚌埠,BBH
安徽,蚌埠南,BMH
安徽,亳州,BZH
安徽,巢湖,CIH
安徽,巢湖东,GUH
安徽,长临河,FVH
安徽,池州,IYH
安徽,滁州,CXH
安徽,滁州北,CUH
安徽,砀山,DKH
安徽,砀山南,PRH
安徽,定远,EWH
安徽,东至,DCH
安徽,繁昌西,PUH
安徽,肥东,FIH
安徽,阜南,FNH
安徽,凤阳,FUH
安徽,阜阳,FYH
安徽,广德,GRH
安徽,合肥北城,COH
安徽,合肥南,ENH
安徽,固镇,GEH
安徽,淮北,HRH
安徽,淮北北,PLH
安徽,合肥,HFH
安徽,合肥西,HTH
安徽,黄口,KOH
安徽,淮南,HAH
安徽,淮南东,HOH
安徽,霍邱,FBH
安徽,黄山,HKH
安徽,黄山北,NYH
安徽,旌德,NSH
安徽,界首市,JUN
安徽,泾县,LOH
安徽,绩溪北,NRH
安徽,绩溪县,JRH
安徽,金寨,JZH
安徽,六安,UAH
安徽,灵璧,GMH
安徽,庐江,UJH
安徽,龙桥,LQU
安徽,龙山镇,LAS
安徽,马鞍山,MAH
安徽,马鞍山东,OMH
安徽,明光,MGH
安徽,宁国,NNH
安徽,南陵,LLH
安徽,全椒,INH
安徽,青龙山,QGH
安徽,祁门,QIH
安徽,宿州东,SRH
安徽,舒城,OCH
安徽,水家湖,SQH
安徽,宿松,OAH
安徽,三堂集,SDH
安徽,泗县,GPH
安徽,歙县,OVH
安徽,歙县北,NPH
安徽,三阳,SYU
安徽,宿州,OXH
安徽,桐城,TTH
安徽,太湖,TKH
安徽,铜陵,TJH
安徽,铜陵北,KXH
安徽,天柱山,QWH
安徽,芜湖,WHH
安徽,无为,IIH
安徽,无为南,WWU
安徽,涡阳,GYH
安徽,宣城,ECH
安徽,萧县北,QSH
安徽,弋江,RVH
安徽,颍上,YVH
北京,安定,ADP
北京,八达岭,ILP
北京,北京,BJP
北京,北京北,VAP
北京,北京东,BOP
北京,北京南,VNP
北京,北京西,BXP
北京,北宅,BVP
北京,昌平,CPP
北京,昌平北,VBP
北京,大灰厂,DHP
北京,大兴,DXX
北京,范各庄,FGP
北京,官高,GVP
北京,高各庄,GGP
北京,孤山口,GSP
北京,官厅西,KEP
北京,黄村,HCP
北京,怀柔,HRP
北京,怀柔北,HBP
北京,黑山寺,HVP
北京,黄土店,HKP
北京,康庄,KZP
北京,良各庄,LGP
北京,落坡岭,LPP
北京,庙城,MAP
北京,密云北,MUP
北京,南观村,NGP
北京,南口,NKP
北京,平峪,PYP
北京,清河,QIP
北京,清华园,QHP
北京,十渡,SEP
北京,沙河,SHP
北京,三合庄,SVP
北京,三家店,ODP
北京,石景山南,SRP
北京,上万,SWP
北京,顺义,SOP
北京,统军庄,TZP
北京,通州,TOP
北京,魏善庄,WSP
北京,斜河涧,EEP
北京,雁翅,YAP
北京,沿河城,YHP
北京,云居寺,AFP
北京,燕山,AOP
北京,珠窝,ZOP
北京,张辛,ZIP
重庆,北碚,BPW
重庆,璧山,FZW
重庆,重庆,CQW
重庆,重庆北,CUW
重庆,重庆南,CRW
重庆,重庆西,CXW
重庆,长寿,EFW
重庆,长寿北,COW
重庆,长寿湖,CSE
重庆,大足南,FQW
重庆,丰都,FUW
重庆,涪陵,FLW
重庆,涪陵北,FEW
重庆,复盛,FAW
重庆,赶水,GSW
重庆,赶水东,GDE
重庆,古镇,GNQ
重庆,合川,WKW
重庆,江津,JJW
重庆,珞璜南,LNE
重庆,梁平,UQW
重庆,梁平南,LPE
重庆,洛湾三江,KRW
重庆,彭水,PHW
重庆,葡萄菁,PTW
重庆,綦江,QJW
重庆,黔江,QNW
重庆,綦江东,QDE
重庆,荣昌,RCW
重庆,荣昌北,RQW
重庆,三江南,SWZ
重庆,双龙湖,OHB
重庆,沙坪坝,CYW
重庆,石柱县,OSW
重庆,潼南,TVW
重庆,太阳山,TYJ
重庆,武隆,WLW
重庆,万州,WYW
重庆,万州北,WZE
重庆,新立镇,XGT
重庆,秀山,ETW
重庆,永川,YCW
重庆,永川东,WMW
重庆,酉阳,AFW
福建,安溪,AXS
福建,福安,FAS
福建,福鼎,FES
福建,福清,FQS
福建,莆田,PTS
福建,福州,FZS
福建,福州南,FYS
福建,古田,GTS
福建,古田北,GBS
福建,古田会址,STS
福建,光泽,GZS
福建,冠豸山,GSS
福建,惠安,HNS
福建,涵江,HJS
福建,晋江,JJS
福建,将乐,JLS
福建,角美,JES
福建,建宁县北,JCS
福建,建瓯,JVS
福建,建瓯西,JUS
福建,建阳,JYS
福建,连江,LKS
福建,龙岩,LYS
福建,罗源,LVS
福建,来舟,LZS
福建,闽清,MQS
福建,闽清北,MBS
福建,麦园,MYS
福建,宁德,NES
福建,南靖,NJS
福建,南平,NPS
福建,南平北,NBS
福建,南平南,NNS
福建,泉州,QYS
福建,泉州东,QRS
福建,顺昌,SCS
福建,上杭,JBS
福建,三明,SVS
福建,三明北,SHS
福建,厦门北,XKS
福建,厦门高崎,XBS
福建,邵武,SWS
福建,沙县,SAS
福建,双洋,SQS
福建,三元区,SMS
福建,太姥山,TLS
福建,泰宁,TNS
福建,武夷山,WAS
福建,武夷山北,WBS
福建,武夷山东,WCS
福建,厦门,XMS
福建,霞浦,XOS
福建,仙游,XWS
福建,永安,YAS
福建,永安南,YQS
福建,永定,YGS
福建,延平西,YWS
福建,雁石南,YMS
福建,永泰,YTS
福建,尤溪,YXS
福建,云霄,YBS
福建,诏安,ZDS
福建,漳浦,ZCS
福建,漳平,ZPS
福建,漳平西,ZXG
福建,漳州,ZUS
福建,漳州东,GOS
甘肃,安口窑,AYY
甘肃,白银市,BNJ
甘肃,白银西,BXJ
甘肃,长城,CEJ
甘肃,陈官营,CAJ
甘肃,长征,CZJ
甘肃,打柴沟,DGJ
甘肃,敦煌,DHJ
甘肃,东湾,DRJ
甘肃,低窝铺,DWJ
甘肃,定西,DSJ
甘肃,定西北,DNJ
甘肃,石峡子,SXJ
甘肃,丰水村,FSJ
甘肃,甘草店,GDJ
甘肃,甘谷,GGJ
甘肃,皋兰,GEJ
甘肃,古浪,GLJ
甘肃,高台南,GAJ
甘肃,高台,GTJ
甘肃,瓜州,GZJ
甘肃,黑冲滩,HCJ
甘肃,哈达铺,HDJ
甘肃,贺家店,HJJ
甘肃,河口南,HKJ
甘肃,宏庆,HEY
甘肃,海石湾,HSO
甘肃,红砂岘,VSJ
甘肃,徽县,HYY
甘肃,红岘台,HTJ
甘肃,黄羊镇,HYJ
甘肃,泾川,JAJ
甘肃,金昌,JCJ
甘肃,芨岭,JLJ
甘肃,酒泉,JQJ
甘肃,酒泉南,JNJ
甘肃,景泰,JTJ
甘肃,镜铁山,JVJ
甘肃,靖远,JYJ
甘肃,嘉峪关,JGJ
甘肃,嘉峪关南,JBJ
甘肃,靖远西,JXJ
甘肃,两当,LDY
甘肃,龙沟,LGJ
甘肃,绿化,LWJ
甘肃,李家坪,LIJ
甘肃,洛门,LMJ
甘肃,陇南,INJ
甘肃,龙泉寺,UQJ
甘肃,骆驼巷,LTJ
甘肃,狼尾山,LRJ
甘肃,陇西,LXJ
甘肃,柳园,DHR
甘肃,柳园南,LNR
甘肃,临泽,LEJ
甘肃,兰州,LZJ
甘肃,兰州东,LVJ
甘肃,临泽南,LDJ
甘肃,兰州西,LAJ
甘肃,兰州新区,LQJ
甘肃,民乐,MBJ
甘肃,岷县,MXJ
甘肃,庙庄,MZJ
甘肃,南河川,NHJ
甘肃,磐安镇,PAJ
甘肃,坡底下,PXJ
甘肃,平凉,PIJ
甘肃,平凉南,POJ
甘肃,平原堡,PPJ
甘肃,秦安,QGJ
甘肃,清水,QUJ
甘肃,清水北,QEJ
甘肃,清水县,QIJ
甘肃,桥西,QXJ
甘肃,山丹,SDJ
甘肃,邵家堂,SJJ
甘肃,疏勒,SUR
甘肃,疏勒河,SHJ
甘肃,水源,OYJ
甘肃,三阳川,SYJ
甘肃,上腰墩,SPJ
甘肃,桑园子,SAJ
甘肃,通安驿,TAJ
甘肃,谭家井,TNJ
甘肃,土门子,TCJ
甘肃,天水,TSJ
甘肃,天水南,TIJ
甘肃,通渭,TWJ
甘肃,天祝,TZJ
甘肃,吴家川,WCJ
甘肃,王家湾,WJJ
甘肃,渭南镇,WNJ
甘肃,武山,WSJ
甘肃,武威,WUJ
甘肃,武威南,WWJ
甘肃,渭源,WEJ
甘肃,西固,XIJ
甘肃,西固城,XUJ
甘肃,夏官营,XGJ
甘肃,许家台,XTJ
甘肃,新李,XLJ
甘肃,兴泉堡,XQJ
甘肃,许三湾,XSJ
甘肃,新阳镇,XZJ
甘肃,永登,YDJ
甘肃,玉石,YSJ
甘肃,园墩,YAJ
甘肃,玉门,YXJ
甘肃,鸳鸯镇,YYJ
甘肃,榆中,IZJ
甘肃,中川机场,ZJJ
甘肃,张家川,ZIJ
甘肃,朱家窑,ZUJ
甘肃,漳县,ZXJ
甘肃,张掖,ZYJ
甘肃,张掖西,ZEJ
广东,广宁,FBQ
广东,广州南,IZQ
广东,北滘,IBQ
广东,坂田,BTQ
广东,常平,DAQ
广东,常平东,FQQ
广东,常平南,FPQ
广东,潮汕,CBQ
广东,春湾,CQQ
广东,潮阳,CNQ
广东,潮州,CKQ
广东,电白,NWQ
广东,东城南,IYQ
广东,东莞,RTQ
广东,东莞东,DMQ
广东,鼎湖东,UWQ
广东,鼎湖山,NVQ
广东,道滘,RRQ
广东,大朗镇,KOQ
广东,大埔,DPI
广东,东升,DRQ
广东,大旺,WWQ
广东,丹霞山,IRQ
广东,端州,WZQ
广东,恩平,PXQ
广东,怀集,FAQ
广东,丰顺,FUQ
广东,佛山,FSQ
广东,佛山西,FOQ
广东,福田,NZQ
广东,光明城,IMQ
广东,高州,GSQ
广东,广州,GZQ
广东,广州北,GBQ
广东,广州东,GGQ
广东,广州西,GXQ
广东,河唇,HCZ
广东,华城,VCQ
广东,惠东,KDQ
广东,惠环,KHQ
广东,鲘门,KMQ
广东,虎门,IUQ
广东,和平,VAQ
广东,河源,VIQ
广东,化州,HZZ
广东,惠州,HCQ
广东,惠州南,KNQ
广东,惠州西,VXQ
广东,江门东,JWQ
广东,前山,QXQ
广东,揭阳,JRQ
广东,葵潭,KTQ
广东,寮步,LTQ
广东,龙川,LUQ
广东,乐昌,LCQ
广东,乐昌东,ILQ
广东,龙丰,KFQ
广东,陆丰,LLQ
广东,廉江,LJZ
广东,沥林北,KBQ
广东,雷州,UAQ
广东,茂名,MDQ
广东,茂名西,MMZ
广东,马踏,PWQ
广东,梅州,MOQ
广东,明珠,MFQ
广东,南江口,NDQ
广东,南朗,NNQ
广东,南头,NOQ
广东,南雄,NCQ
广东,平湖,PHQ
广东,普宁,PEQ
广东,坪石,PSQ
广东,庆盛,QSQ
广东,清远,QBQ
广东,饶平,RVQ
广东,容桂,RUQ
广东,顺德,ORQ
广东,顺德学院,OJQ
广东,韶关,SNQ
广东,韶关东,SGQ
广东,四会,AHQ
广东,石龙,SLQ
广东,台山,PUQ
广东,狮山,KSQ
广东,三水,SJQ
广东,三水北,ARQ
广东,狮山北,NSQ
广东,松山湖北,KUQ
广东,三水南,RNQ
广东,双水镇,PQQ
广东,汕头,OTQ
广东,汕尾,OGQ
广东,始兴,IPQ
广东,遂溪,SXZ
广东,信宜,EEQ
广东,深圳,SZQ
广东,深圳北,IOQ
广东,深圳东,BJQ
广东,深圳坪山,IFQ
广东,深圳西,OSQ
广东,唐家湾,PDQ
广东,吴川,WAQ
广东,新会,EFQ
广东,西湖东,WDQ
广东,小金口,NKQ
广东,小榄,EAQ
广东,兴宁,ENQ
广东,徐闻,XJQ
广东,新兴县,XGQ
广东,阳春,YQQ
广东,阳东,WLQ
广东,英德,YDQ
广东,源潭,YTQ
广东,云东海,NAQ
广东,英德西,IIQ
广东,云浮东,IXQ
广东,阳江,WRQ
广东,郁南,YKQ
广东,银瓶,KPQ
广东,延庆,YNP
广东,云山,KZQ
广东,阳西,WMQ
广东,珠海,ZHQ
广东,珠海北,ZIQ
广东,湛江,ZJZ
广东,湛江西,ZWQ
广东,仲恺,KKQ
广东,樟木头,ZOQ
广东,樟木头东,ZRQ
广东,肇庆,ZVQ
广东,肇庆东,FCQ
广东,中山,ZSQ
广东,中山北,ZGQ
广西,博白,BBZ
广西,北海,BHZ
广西,北流,BOZ
广西,百浪,BRZ
广西,百色,BIZ
广西,宾阳,UKZ
广西,岑溪,CNZ
广西,崇左,CZZ
广西,德保,RBZ
广西,大拟,DNZ
广西,大王滩,DZZ
广西,大元,DYZ
广西,富川,FDZ
广西,防城港北,FBZ
广西,扶绥,FSZ
广西,恭城,GCZ
广西,贵港,GGZ
广西,桂林,GLZ
广西,桂林北,GBZ
广西,桂林西,GEZ
广西,桂平,GAZ
广西,合浦,HVZ
广西,贺州,HXZ
广西,金城江,JJZ
广西,靖西,JMZ
广西,金银潭,JTN
广西,开平南,PVQ
广西,康熙岭,KXZ
广西,隆安东,IDZ
广西,来宾,UBZ
广西,来宾北,UCZ
广西,陆川,LKZ
广西,罗城,VCZ
广西,柳江,UQZ
广西,濑湍,LVZ
广西,黎塘,LTZ
广西,柳州,LZZ
广西,鹿寨,LIZ
广西,鹿寨北,LSZ
广西,马皇,MHZ
广西,茅岭,MLZ
广西,宁村,NCZ
广西,南丹,NDZ
广西,那罗,ULZ
广西,宁明,NMZ
广西,南宁,NNZ
广西,南宁东,NFZ
广西,南宁西,NXZ
广西,那铺,NPZ
广西,平果,PGZ
广西,凭祥,PXZ
广西,渠旧,QJZ
广西,渠黎,QLZ
广西,钦州,QRZ
广西,钦州东,QDZ
广西,全州南,QNZ
广西,融安,RAZ
广西,融水,RSZ
广西,容县,RXZ
广西,三江县,SOZ
广西,田东,TDZ
广西,田东北,TBZ
广西,田林,TFZ
广西,亭亮,TIZ
广西,藤县,TAZ
广西,田阳,TRZ
广西,文地,WNZ
广西,五通,WTZ
广西,吴圩,WYZ
广西,梧州,WZZ
广西,梧州南,WBZ
广西,兴安,XAZ
广西,兴安北,XDZ
广西,小董,XEZ
广西,夏石,XIZ
广西,兴业,SNZ
广西,永福南,YBZ
广西,玉林,YLZ
广西,阳朔,YCZ
广西,银滩,CTQ
广西,宜州,YSZ
广西,钟山,ZSZ
广西,钟山西,ZAZ
贵州,安龙,AUZ
贵州,安顺,ASW
贵州,安顺西,ASE
贵州,柏果,BGM
贵州,碧江,BLQ
贵州,白鸡坡,BBM
贵州,百宜,FHW
贵州,草海,WBW
贵州,册亨,CHZ
贵州,岔江,CAM
贵州,从江,KNW
贵州,大方南,DNE
贵州,都格,DMM
贵州,都匀东,KJW
贵州,独山,RWW
贵州,大田边,DBM
贵州,都匀,RYW
贵州,桐梓北,TBE
贵州,桐梓东,TDE
贵州,发耳,FEM
贵州,福泉,VMW
贵州,贵定,GTW
贵州,贵定北,FMW
贵州,贵定南,IDW
贵州,贵定县,KIW
贵州,革居,GEM
贵州,关岭,GLE
贵州,贵阳,GIW
贵州,贵阳北,KQW
贵州,贵阳东,KEW
贵州,红果,HEM
贵州,花家庄,HJM
贵州,凯里,KLW
贵州,凯里南,QKW
贵州,开阳,KVW
贵州,龙洞堡,FVW
贵州,鲁番,LVM
贵州,龙里,LLW
贵州,龙里北,KFW
贵州,六盘水,UMW
贵州,娄山关南,LSE
贵州,六枝,LIW
贵州,麻尾,VAW
贵州,纳雍,NYE
贵州,普安,PAN
贵州,普安县,PUE
贵州,平坝南,PBE
贵州,普定,PGW
贵州,平关,PGM
贵州,盘关,PAM
贵州,平田,PTM
贵州,盘州,PAE
贵州,榕江,RVW
贵州,施秉,AQW
贵州,三都县,KKW
贵州,松河,SBM
贵州,三家寨,SMM
贵州,三穗,QHW
贵州,沙沱,SFM
贵州,松桃,MZQ
贵州,上西铺,SXM
贵州,铜仁,RDQ
贵州,铜仁南,TNW
贵州,桐梓,TZW
贵州,威箐,WAM
贵州,威舍,WSM
贵州,瓦窑田,WIM
贵州,息烽,XFW
贵州,新坪田,XPM
贵州,修文县,XWE
贵州,兴义,XRZ
贵州,小雨谷,XHM
贵州,雨格,VTM
贵州,营街,YAM
贵州,月亮田,YUM
贵州,玉屏,YZW
贵州,玉舍,AUM
贵州,织金,IZW
贵州,朱砂古镇,ZSE
贵州,遵义,ZYE
贵州,镇远,ZUW
贵州,遵义南,ZNE
贵州,遵义西,ZIW
河北,艾河,AHP
河北,板城,BUP
河北,保定,BDP
河北,保定东,BMP
河北,北戴河,BEP
河北,白沟,FEP
河北,白涧,BAP
河北,北马圈子,BRP
河北,白旗,BQP
河北,北屯,BYP
河北,泊头,BZP
河北,白洋淀,FWP
河北,霸州,RMP
河北,霸州西,FOP
河北,承德,CDP
河北,承德东,CCP
河北,承德南,IVP
河北,承德县北,IYP
河北,曹妃甸东,POP
河北,曹妃甸港,PGP
河北,柴沟堡,CGV
河北,昌黎,CLP
河北,超梁沟,CYP
河北,磁山,CSP
河北,磁西,CRP
河北,磁县,CIP
河北,朝阳地,CDD
河北,沧州,COP
河北,沧州西,CBP
河北,东戴河,RDD
河北,东光,DGP
河北,洞庙河,DEP
河北,大盘石,RPP
河北,东戌,RXP
河北,大营镇,DJP
河北,定州,DXP
河北,豆庄,ROP
河北,定州东,DOP
河北,大杖子,DAP
河北,二道沟门,RDP
河北,抚宁,FNP
河北,福山口,FKP
河北,浮图峪,FYP
河北,固安,GFP
河北,高碑店,GBP
河北,高碑店东,GMP
河北,古北口,GKP
河北,藁城,GEP
河北,藁城南,GUP
河北,郭磊庄,GLP
河北,官厅,GTP
河北,高邑,GIP
河北,高邑西,GNP
河北,邯郸,HDP
河北,邯郸东,HPP
河北,河间西,HXP
河北,韩麻营,HYP
河北,衡水,HSP
河北,衡水北,IHP
河北,虎什哈,HHP
河北,井店,JFP
河北,金沟屯,VGP
河北,纪家沟,VJD
河北,井南,JNP
河北,甲山,JOP
河北,井陉,JJP
河北,景州,JEP
河北,晋州,JXP
河北,旧庄窝,JVP
河北,康城,KCP
河北,临城,UUP
河北,六道河子,LVP
河北,梁底下,LDP
河北,廊坊,LJP
河北,落垡,LOP
河北,廊坊北,LFP
河北,龙华,LHP
河北,隆化,UHP
河北,滦河,UDP
河北,滦河沿,UNP
河北,卢龙,UAP
河北,滦平,UPP
河北,流水沟,USP
河北,临西,UEP
河北,滦县,UXP
河北,涞源,LYP
河北,孟庄,MZF
河北,南堡北,TLP
河北,南城司,NSP
河北,南大庙,NMP
河北,南宫东,NFP
河北,南湾子,NWP
河北,南峪,NUP
河北,偏店,PRP
河北,徘徊北,PHP
河北,潘家店,PDP
河北,平南南,PAZ
河北,平泉,PQP
河北,平泉北,PBP
河北,迁安,QQP
河北,奇峰塔,QVP
河北,清河城,QYP
河北,秦皇岛,QTP
河北,前磨头,QMP
河北,前苇塘,QWP
河北,青县,QXP
河北,任丘,RQP
河北,饶阳,RVP
河北,上板城,SBP
河北,上板城南,OBP
河北,沙城,SCP
河北,胜芳,SUP
河北,山海关,SHD
河北,沙河市,VOP
河北,三河县,OXP
河北,四合永,OHD
河北,石家庄,SJP
河北,石家庄北,VVP
河北,石家庄东,SXP
河北,什里店,OMP
河北,沙岭子,SLP
河北,肃宁,SYP
河北,涉县,OEP
河北,深州,OZP
河北,唐海南,IEP
河北,唐山,TSP
河北,唐山北,FUP
河北,塔崖驿,TYP
河北,文安,WBP
河北,武安,WAP
河北,王安镇,WVP
河北,望都,WDP
河北,五道河,WHP
河北,午汲,WJP
河北,吴桥,WUP
河北,王瞳,WTP
河北,新保安,XAP
河北,下板城,EBP
河北,西八里,XLP
河北,西大庙,XMP
河北,宣化,XHP
河北,下花园,XYP
河北,辛集,ENP
河北,辛集南,IJP
河北,新乐,ELP
河北,兴隆县,EXP
河北,徐水,XSP
河北,小寺沟,ESP
河北,邢台,XTP
河北,邢台东,EDP
河北,下台子,EIP
河北,小西庄,XXP
河北,悬钟,XRP
河北,新杖子,ERP
河北,燕郊,AJP
河北,元氏,YSP
河北,窑上,ASP
河北,榆树沟,YGP
河北,杨树岭,YAD
河北,野三坡,AIP
河北,鹰手营子,YIP
河北,玉田县,ATP
河北,阳邑,ARP
河北,张百湾,ZUP
河北,正定,ZDP
河北,正定机场,ZHP
河北,紫荆关,ZYP
河北,张家口,ZMP
河北,张家口南,IXP
河北,枣强,ZVP
河北,涿州,ZXP
河北,涿州东,ZAP
河南,安阳,AYF
河南,安阳东,ADF
河南,平顶山西,BFF
河南,长葛,CEF
河南,长垣,CYF
河南,邓州,DOF
河南,关林,GLF
河南,光山,GUN
河南,固始,GXN
河南,巩义南,GYF
河南,巩义,GXF
河南,鹤壁,HAF
河南,淮滨,HVN
河南,鹤壁东,HFF
河南,潢川,KCN
河南,黄河景区,HCF
河南,获嘉,HJF
河南,贾鲁河,JLF
河南,济源,JYF
河南,焦作,JOF
河南,焦作东,WEF
河南,开封,KFF
河南,开封北,KBF
河南,灵宝,LBF
河南,灵宝西,LPF
河南,绿博园,LCF
河南,漯河,LON
河南,漯河西,LBN
河南,兰考,LKF
河南,兰考南,LUF
河南,鲁山,LAF
河南,罗山,LRN
河南,洛阳,LYF
河南,临颍,LNF
河南,洛阳东,LDF
河南,洛阳龙门,LLF
河南,渑池,MCF
河南,渑池南,MNF
河南,明港,MGN
河南,明港东,MDN
河南,民权,MQF
河南,民权北,MIF
河南,南曹,NEF
河南,宁陵县,NLF
河南,内乡,NXF
河南,南阳,NFF
河南,南阳寨,NYF
河南,南召,NAF
河南,平顶山,PEN
河南,濮阳,PYF
河南,确山,QSN
河南,沁阳,QYF
河南,汝阳,RYF
河南,汝州,ROF
河南,商城,SWN
河南,宋城路,SFF
河南,三门峡,SMF
河南,三门峡南,SCF
河南,三门峡西,SXF
河南,遂平,SON
河南,沈丘,SQN
河南,商丘,SQF
河南,商丘南,SPF
河南,桐柏,TBF
河南,唐河,THF
河南,台前,TTK
河南,汤阴,TYF
河南,卫辉,WHF
河南,武陟,WIF
河南,新安县,XAF
河南,项城,ERN
河南,许昌,XCF
河南,许昌东,XVF
河南,西平,XPN
河南,西平西,EGQ
河南,修武,XWF
河南,修武西,EXF
河南,西峡,XIF
河南,息县,ENN
河南,新县,XSN
河南,新乡,XXF
河南,新乡东,EGF
河南,信阳,XUN
河南,信阳东,OYN
河南,夏邑县,EJH
河南,新郑机场,EZF
河南,永城北,RGH
河南,虞城县,IXH
河南,运粮河,YEF
河南,义马,YMF
河南,偃师,YSF
河南,月山,YBF
河南,周口,ZKN
河南,中牟,ZGF
河南,驻马店,ZDN
河南,驻马店西,ZLN
河南,镇平,ZPF
河南,郑州,ZZF
河南,郑州东,ZAF
河南,郑州西,XPF
黑龙江,昂昂溪,AAX
黑龙江,阿城,ACB
黑龙江,阿城北,ABB
黑龙江,安达,ADX
黑龙江,安家,AJB
黑龙江,阿木尔,JTX
黑龙江,北安,BAB
黑龙江,滨江,BJB
黑龙江,笔架山,BSB
黑龙江,白奎堡,BKB
黑龙江,宝林,BNB
黑龙江,勃利,BLB
黑龙江,八面通,BMB
黑龙江,宝清,BUB
黑龙江,宝泉岭,BQB
黑龙江,宾西北,BBB
黑龙江,背荫河,BYB
黑龙江,宾州,BZB
黑龙江,长汀南,CNS
黑龙江,成高子,CZB
黑龙江,柴河,CHB
黑龙江,晨明,CMB
黑龙江,辰清,CQB
黑龙江,楚山,CSB
黑龙江,长汀,CES
黑龙江,长汀镇,CDB
黑龙江,创业村,CEX
黑龙江,东边井,DBB
黑龙江,滴道,DDB
黑龙江,杜尔伯特,TKX
黑龙江,东二道河,DRB
黑龙江,东方红,DFB
黑龙江,东海,DHB
黑龙江,东津,DKB
黑龙江,杜家,DJL
黑龙江,东京城,DJB
黑龙江,带岭,DLB
黑龙江,达连河,DCB
黑龙江,独立屯,DTX
黑龙江,得莫利,DTB
黑龙江,大庆,DZX
黑龙江,大庆东,LFX
黑龙江,对青山,DQB
黑龙江,大庆西,RHX
黑龙江,亚布力南,YWB
黑龙江,二道湾,RDX
黑龙江,二龙,RLD
黑龙江,二龙山屯,ELA
黑龙江,富海,FHX
黑龙江,富锦,FIB
黑龙江,富拉尔基,FRX
黑龙江,福利屯,FTB
黑龙江,丰乐镇,FZB
黑龙江,冯屯,FTX
黑龙江,抚远,FYB
黑龙江,富裕,FYX
黑龙江,方正,FNB
黑龙江,古城镇,GZB
黑龙江,高楞,GLB
黑龙江,古莲,GRX
黑龙江,海北,HEB
黑龙江,鹤北,HMB
黑龙江,寒葱沟,HKB
黑龙江,横道河子,HDB
黑龙江,横道河子东,KUX
黑龙江,哈尔滨,HBB
黑龙江,哈尔滨北,HTB
黑龙江,哈尔滨东,VBB
黑龙江,哈尔滨西,VAB
黑龙江,鹤岗,HGB
黑龙江,黑河,HJB
黑龙江,洪河,HPB
黑龙江,宏克力,OKB
黑龙江,海伦,HLB
黑龙江,呼兰,HUB
黑龙江,虎林,VLB
黑龙江,桦林,HIB
黑龙江,鹤立,HOB
黑龙江,海林,HRB
黑龙江,海林北,KBX
黑龙江,浩良河,HHB
黑龙江,桦南,HNB
黑龙江,红山,VSB
黑龙江,黑台,HQB
黑龙江,红星,VXB
黑龙江,红兴隆,VHB
黑龙江,换新天,VTB
黑龙江,鸡东,JOB
黑龙江,峻德,JDB
黑龙江,前锋,QFB
黑龙江,锦河,JHB
黑龙江,姜家,JJB
黑龙江,佳木斯,JMB
黑龙江,佳木斯西,JUB
黑龙江,江桥,JQX
黑龙江,九三,SSX
黑龙江,建三江,JIB
黑龙江,金山屯,JTB
黑龙江,鸡西,JXB
黑龙江,克东,KOB
黑龙江,康金井,KJB
黑龙江,克山,KSB
黑龙江,奎山,KAB
黑龙江,鹿道,LDL
黑龙江,兰岗,LNB
黑龙江,拉古,LGB
黑龙江,拉哈,LHX
黑龙江,六合,KLH
黑龙江,林海,LXX
黑龙江,六合镇,LEX
黑龙江,龙江,LJX
黑龙江,李家,LJB
黑龙江,莲江口,LHB
黑龙江,林口,LKB
黑龙江,拉林,LAB
黑龙江,兰棱,LLB
黑龙江,老莱,LAX
黑龙江,里木店,LMB
黑龙江,喇嘛甸,LMX
黑龙江,梨树镇,LSB
黑龙江,朗乡,LXB
黑龙江,林源,LYX
黑龙江,立志,LZX
黑龙江,龙镇,LZA
黑龙江,牡丹江,MDB
黑龙江,磨刀石,MOB
黑龙江,帽儿山,MRB
黑龙江,帽儿山西,MUB
黑龙江,漠河,MVX
黑龙江,孟家岗,MGB
黑龙江,穆棱,MLB
黑龙江,马莲河,MHB
黑龙江,马桥河,MQB
黑龙江,麻山,MAB
黑龙江,密山,MSB
黑龙江,美溪,MEB
黑龙江,宁安,NAB
黑龙江,南岔,NCB
黑龙江,讷河,NHX
黑龙江,嫩江,NGX
黑龙江,牛家,NJB
黑龙江,碾子山,NZX
黑龙江,裴德,PDB
黑龙江,平房,PFB
黑龙江,平山,PSB
黑龙江,平洋,PYX
黑龙江,庆安,QAB
黑龙江,秦家,QJB
黑龙江,前进镇,QEB
黑龙江,青龙,QIB
黑龙江,齐齐哈尔,QHX
黑龙江,齐齐哈尔南,QNB
黑龙江,青山,QSB
黑龙江,七台河,QTB
黑龙江,宋,SOB
黑龙江,双城堡,SCB
黑龙江,双城北,SBB
黑龙江,双丰,OFB
黑龙江,绥芬河,SFB
黑龙江,四方台,STB
黑龙江,绥化,SHB
黑龙江,山河屯,SHL
黑龙江,尚家,SJB
黑龙江,沈家,OJB
黑龙江,孙家,SUB
黑龙江,三间房,SFX
黑龙江,石磷,SPB
黑龙江,绥棱,SIB
黑龙江,石人城,SRB
黑龙江,神树,SWB
黑龙江,山市,SQB
黑龙江,石头,OTB
黑龙江,孙吴,SKB
黑龙江,绥阳,SYB
黑龙江,双鸭山,SSB
黑龙江,尚志,SZB
黑龙江,尚志南,OZB
黑龙江,通北,TBB
黑龙江,汤池,TCX
黑龙江,塔哈,THX
黑龙江,塔河,TXX
黑龙江,同江,TJB
黑龙江,团结,TIX
黑龙江,泰来,TLX
黑龙江,铁力,TLB
黑龙江,太平镇,TEB
黑龙江,图强,TQX
黑龙江,桃山,TAB
黑龙江,汤旺河,THB
黑龙江,汤原,TYB
黑龙江,太阳升,TQT
黑龙江,五常,WCB
黑龙江,温春,WDB
黑龙江,五大连池,WRB
黑龙江,万发屯,WFB
黑龙江,王岗,WGB
黑龙江,苇河,WHB
黑龙江,苇河西,WIB
黑龙江,五家,WUB
黑龙江,倭肯,WQB
黑龙江,万乐,WEB
黑龙江,瓦拉干,WVX
黑龙江,卧里屯,WLX
黑龙江,卫星,WVB
黑龙江,五营,WWB
黑龙江,王杨,WYB
黑龙江,乌伊岭,WPB
黑龙江,王兆屯,WZB
黑龙江,下城子,XCB
黑龙江,香坊,XFB
黑龙江,西岗子,NBB
黑龙江,新华,XHB
黑龙江,襄河,XXB
黑龙江,新华屯,XAX
黑龙江,徐家,XJB
黑龙江,兴凯,EKB
黑龙江,新林,XPX
黑龙江,西林,XYB
黑龙江,香兰,XNB
黑龙江,小岭,XLB
黑龙江,兴隆镇,XZB
黑龙江,西麻山,XMB
黑龙江,新青,XQB
黑龙江,杏树,XSB
黑龙江,新松浦,XOB
黑龙江,新香坊北,RHB
黑龙江,向阳,XDB
黑龙江,新友谊,EYB
黑龙江,新肇,XZT
黑龙江,依安,YAX
黑龙江,永安乡,YNB
黑龙江,亚布力,YBB
黑龙江,亚布力西,YSB
黑龙江,羊草,YAB
黑龙江,迎春,YYB
黑龙江,伊春,YCB
黑龙江,杨岗,YRB
黑龙江,友好,YOB
黑龙江,依兰,YEB
黑龙江,银浪,YJX
黑龙江,伊林,YLB
黑龙江,伊拉哈,YLX
黑龙江,一面坡,YPB
黑龙江,一面坡北,YXB
黑龙江,玉泉,YQB
黑龙江,榆树屯,YSX
黑龙江,烟筒屯,YUX
黑龙江,肇东,ZDB
黑龙江,赵光,ZGB
黑龙江,中和,ZHX
黑龙江,周家,ZOB
黑龙江,朱家沟,ZUB
黑龙江,张维屯,ZWB
黑龙江,壮志,ZUX
湖北,安陆,ALN
湖北,巴东,BNN
湖北,白沙铺,BSN
湖北,赤壁,CBN
湖北,赤壁北,CIN
湖北,蔡山,CON
湖北,长阳,CYN
湖北,当阳,DYN
湖北,大冶北,DBN
湖北,恩施,ESN
湖北,鄂州,ECN
湖北,鄂州东,EFN
湖北,枫林,FLN
湖北,谷城,GCN
湖北,葛店南,GNN
湖北,广水,GSN
湖北,红安,HWN
湖北,红安西,VXN
湖北,汉川,HCN
湖北,黄冈,KGN
湖北,黄冈东,KAN
湖北,横沟桥东,HNN
湖北,黄冈西,KXN
湖北,花湖,KHN
湖北,后湖,IHN
湖北,汉口,HKN
湖北,黄梅,VEH
湖北,华容,HRN
湖北,华容东,HPN
湖北,华容南,KRN
湖北,黄石,HSN
湖北,黄石北,KSN
湖北,黄石东,OSN
湖北,贺胜桥东,HLN
湖北,槐荫,IYN
湖北,花园,HUN
湖北,黄州,VON
湖北,荆门,JMN
湖北,京山,JCN
湖北,建始,JRN
湖北,荆州,JBN
湖北,利川,LCN
湖北,毛陈,MHN
湖北,麻城,MCN
湖北,麻城北,MBN
湖北,闵集,MJN
湖北,南湖东,NDN
湖北,蕲春,QRN
湖北,潜江,QJN
湖北,胜利镇,OLB
湖北,山坡东,SBN
湖北,汤逊湖,THN
湖北,十堰,SNN
湖北,松滋,SIN
湖北,随州,SZN
湖北,土地堂东,TTN
湖北,天河街,TEN
湖北,天河机场,TJN
湖北,天门,TMN
湖北,天门南,TNN
湖北,武昌,WCN
湖北,武当山,WRN
湖北,武汉,WHN
湖北,乌龙泉南,WFN
湖北,武穴,WXN
湖北,孝感,XGN
湖北,孝感北,XJN
湖北,孝感东,GDN
湖北,咸宁,XNN
湖北,咸宁北,XRN
湖北,咸宁东,XKN
湖北,咸宁南,UNN
湖北,浠水,XZN
湖北,仙桃西,XAN
湖北,襄阳,XFN
湖北,襄阳东,XWN
湖北,宜昌,YCN
湖北,宜城,YIN
湖北,应城,YHN
湖北,宜昌东,HAN
湖北,云梦,YMN
湖北,阳新,YON
湖北,枝城,ZCN
湖北,纸坊东,ZMN
湖北,枝江北,ZIN
湖北,左岭,ZSN
湖北,钟祥,ZTN
湖北,枣阳,ZYN
湖南,安化,PKQ
湖南,安江东,ADA
湖南,八方山,FGQ
湖南,板塘,NGQ
湖南,常德,VGQ
湖南,茶陵,CDG
湖南,慈利,CUQ
湖南,茶陵南,CNG
湖南,长沙,CSQ
湖南,长沙南,CWQ
湖南,长沙西,RXQ
湖南,辰溪,CXQ
湖南,郴州,CZQ
湖南,郴州西,ICQ
湖南,东安东,DCZ
湖南,洞井,FWQ
湖南,洞口,DKA
湖南,道州,DFZ
湖南,低庄,DVQ
湖南,怀化南,KAQ
湖南,芙蓉南,KCQ
湖南,观沙岭,FKQ
湖南,怀化,HHQ
湖南,汉寿,VSQ
湖南,衡山,HSQ
湖南,衡山西,HEQ
湖南,荷塘,KXQ
湖南,会同,VTQ
湖南,衡阳,HYQ
湖南,衡阳东,HVQ
湖南,江华,JHZ
湖南,九郎山,KJQ
湖南,尖山,JPQ
湖南,吉首,JIQ
湖南,江永,JYZ
湖南,靖州,JEQ
湖南,开福寺,FLQ
湖南,娄底,LDQ
湖南,娄底南,UOQ
湖南,麓谷,BNQ
湖南,隆回,LHA
湖南,路口铺,LKQ
湖南,醴陵,LLG
湖南,零陵,UWZ
湖南,临澧,LWQ
湖南,醴陵东,UKQ
湖南,冷水江东,UDQ
湖南,澧县,LEQ
湖南,临湘,LXQ
湖南,涟源,LAQ
湖南,耒阳,LYQ
湖南,耒阳西,LPQ
湖南,猛洞河,MUQ
湖南,汨罗,MLQ
湖南,汨罗东,MQQ
湖南,麻阳,MVQ
湖南,暮云,KIQ
湖南,宁乡,NXQ
湖南,祁东,QMQ
湖南,祁东北,QRQ
湖南,祁阳,QWQ
湖南,祁阳北,QVQ
湖南,邵东,FIQ
湖南,双峰北,NFQ
湖南,树木岭,FMQ
湖南,石门县,OMQ
湖南,石门县北,VFQ
湖南,双牌,SBZ
湖南,韶山,SSQ
湖南,韶山南,INQ
湖南,邵阳,SYQ
湖南,邵阳北,OVQ
湖南,邵阳西,SXA
湖南,塘豹,TBQ
湖南,通道,TRQ
湖南,田心东,KQQ
湖南,西渡,XDA
湖南,湘府路,FVQ
湖南,新晃,XLQ
湖南,新化,EHQ
湖南,新化南,EJQ
湖南,新晃西,EWQ
湖南,溆浦,EPQ
湖南,溆浦南,EMQ
湖南,湘潭,XTQ
湖南,湘潭北,EDQ
湖南,湘乡,XXQ
湖南,香樟路,FNQ
湖南,炎陵,YAG
湖南,杨桥,YQA
湖南,牙屯堡,YTZ
湖南,攸县,YOG
湖南,攸县南,YXG
湖南,岳阳,YYQ
湖南,益阳,AEQ
湖南,岳阳东,YIQ
湖南,永州,AOQ
湖南,芷江,ZPQ
湖南,张家界,DIQ
湖南,昭山,KWQ
湖南,株洲,ZZQ
湖南,株洲南,KVQ
湖南,株洲西,ZAQ
吉林,安广,AGT
吉林,安图,ATL
吉林,安图西,AXL
吉林,白城,BCT
吉林,白河,BEL
吉林,布海,BUT
吉林,白泉,BQL
吉林,白山市,HJL
吉林,白石山,BAL
吉林,长春,CCT
吉林,长春南,CET
吉林,长春西,CRT
吉林,柴岗,CGT
吉林,查干湖,VAT
吉林,蔡家沟,CJT
吉林,长山屯,CVT
吉林,春阳,CAL
吉林,朝阳川,CYL
吉林,朝阳镇,CZL
吉林,大安,RAT
吉林,大安北,RNT
吉林,到保,RBT
吉林,东丰,DIL
吉林,德惠,DHT
吉林,敦化,DHL
吉林,德惠西,DXT
吉林,达家沟,DJT
吉林,道清,DML
吉林,大石头,DSL
吉林,大石头南,DAL
吉林,大屯,DNT
吉林,东通化,DTL
吉林,大兴沟,DXL
吉林,二密河,RML
吉林,范家屯,FTT
吉林,抚松,FSL
吉林,扶余,FYT
吉林,扶余北,FBT
吉林,干沟,GGL
吉林,郭家店,GDT
吉林,工农湖,GRT
吉林,弓棚子,GPT
吉林,果松,GSL
吉林,菇园,GYL
吉林,官字井,GOT
吉林,公主岭,GLT
吉林,公主岭南,GBT
吉林,黄柏,HBL
吉林,珲春,HUL
吉林,华家,HJT
吉林,海龙,HIL
吉林,和龙,HLL
吉林,哈拉海,HIT
吉林,黄泥河,HHL
吉林,黑水,HOT
吉林,黄松甸,HDL
吉林,花山南,KNN
吉林,海坨子,HZT
吉林,集安,JAL
吉林,建安,JUL
吉林,巨宝,JRT
吉林,蛟河,JHL
吉林,蛟河西,JOL
吉林,吉林,JLL
吉林,建设,JET
吉林,吉舒,JSL
吉林,金山北,EGH
吉林,九台南,JNL
吉林,九台,JTL
吉林,靖宇,JYL
吉林,江源,SZL
吉林,开安,KAT
吉林,口前,KQL
吉林,柳河,LNL
吉林,临江,LQL
吉林,两家,UJT
吉林,龙嘉,UJL
吉林,龙井,LJL
吉林,刘家店,UDT
吉林,露水河,LUL
吉林,老营,LXL
吉林,辽源,LYL
吉林,明城,MCL
吉林,梅河口,MHL
吉林,茂林,MLD
吉林,庙岭,MLL
吉林,米沙子,MST
吉林,农安,NAT
吉林,平安,PAL
吉林,平安镇,PZT
吉林,平岗,PGL
吉林,磐石,PSL
吉林,平台,PVT
吉林,乾安,QOT
吉林,庆丰,QFT
吉林,泉阳,QYL
吉林,山城镇,SCL
吉林,水洞,SIL
吉林,三道湖,SDL
吉林,双河镇,SEL
吉林,双吉,SML
吉林,松江河,SJL
吉林,松江镇,OZL
吉林,三井子,OJT
吉林,石岭,SOL
吉林,双辽,ZJD
吉林,舒兰,SLL
吉林,四平,SPT
吉林,四平东,PPT
吉林,石人,SRL
吉林,松树镇,SSL
吉林,石岘,SXL
吉林,双阳,OYT
吉林,松原,VYT
吉林,松原北,OCT
吉林,三源浦,SYL
吉林,铁厂,TCL
吉林,天岗,TGL
吉林,通沟,TOL
吉林,通化,THL
吉林,通化县,TXL
吉林,陶家屯,TOT
吉林,陶赖昭,TPT
吉林,图们,TML
吉林,图们北,QSL
吉林,洮南,TVT
吉林,太平川,TIT
吉林,天桥岭,TQL
吉林,通途,TUT
吉林,通榆,KTT
吉林,驼腰岭,TIL
吉林,五道沟,WDL
吉林,王府,WUT
吉林,湾沟,WGL
吉林,渭津,WJL
吉林,五棵树,WKT
吉林,沃皮,WPT
吉林,汪清,WQL
吉林,苇子沟,WZL
吉林,仙人桥,XRL
吉林,阳岔,YAL
吉林,姚家,YAT
吉林,延吉,YJL
吉林,一间堡,YJT
吉林,延吉西,YXL
吉林,榆树,YRT
吉林,伊通,YTL
吉林,烟筒山,YSL
吉林,鸭园,YYL
吉林,镇赉,ZLT
吉林,镇西,ZVT
吉林,咋子,ZAL
江苏,栟茶,FWH
天津,滨海,YKP
天津,滨海北,FCP
天津,滨海港,BGU
江苏,宝华山,BWH
天津,滨海西,FHP
江苏,长庆桥,CQJ
江苏,常州,CZH
江苏,常州北,ESH
江苏,东海县,DQH
江苏,东台,DBH
江苏,丹徒,RUH
江苏,丹阳,DYH
江苏,丹阳北,EXH
江苏,阜宁,AKH
江苏,阜宁东,FDU
江苏,赣榆,GYU
江苏,海安,HIH
江苏,淮安,AUH
江苏,淮安南,AMH
江苏,海门,HMU
江苏,花桥,VQH
江苏,惠山,VCH
江苏,昆山南,KNH
江苏,江都,UDH
江苏,建湖,AJH
江苏,江宁,JJH
江苏,江宁西,OKH
江苏,句容西,JWH
江苏,姜堰,UEH
江苏,昆山,KSH
江苏,溧水,LDH
江苏,溧阳,LEH
江苏,连云港,UIH
江苏,连云港东,UKH
江苏,无锡东,WGH
江苏,无锡新区,IFH
江苏,南京,NJH
江苏,南京南,NKH
江苏,南通,NUH
江苏,邳州,PJH
江苏,启东,QOU
江苏,戚墅堰,QYH
江苏,如东,RIH
江苏,如皋,RBH
江苏,泗洪,GQH
江苏,射阳,SAU
江苏,沭阳,FMH
江苏,泗阳,MPH
江苏,苏州,SZH
江苏,苏州北,OHH
江苏,苏州园区,KAH
江苏,苏州新区,ITH
江苏,镇江南,ZEH
江苏,泰州,UTH
江苏,通州西,TAP
江苏,瓦屋山,WAH
江苏,无锡,WXH
江苏,洋河,GTH
江苏,小河镇,EKY
江苏,仙林,XPH
江苏,响水县,XSU
江苏,新沂,VIH
江苏,徐州,XCH
江苏,徐州东,UUH
江苏,盐城,AFH
江苏,盐城北,AEH
江苏,阳澄湖,AIH
江苏,宜兴,YUH
江苏,仪征,UZH
江苏,扬州,YLH
江苏,中华门,VNH
江苏,镇江,ZJH
江西,彭泽,PZG
江西,崇仁,CRG
江西,德安,DAG
江西,都昌,DCG
江西,定南,DNG
江西,东乡,DXG
江西,德兴,DWG
江西,德兴东,DDG
江西,大余,DYG
江西,丰城,FCG
江西,丰城南,FNG
江西,分宜,FYG
江西,抚州,FZG
江西,抚州北,FBG
江西,抚州东,FDG
江西,高安,GCG
江西,共青城,GAG
江西,贵溪,GXG
江西,赣州,GZG
江西,会昌北,XEG
江西,横峰,HFG
江西,湖口,HKG
江西,吉安,VAG
江西,江边村,JBG
江西,景德镇,JCG
江西,景德镇北,JDG
江西,井冈山,JGG
江西,九江,JJG
江西,进贤,JUG
江西,进贤南,JXG
江西,临川,LCG
江西,龙南,UNG
江西,乐平市,LPG
江西,龙市,LAG
江西,庐山,LSG
江西,芦溪,LUG
江西,南昌,NCG
江西,南城,NDG
江西,南昌西,NXG
江西,南丰,NFG
江西,萍乡,PXG
江西,萍乡北,PBG
江西,鄱阳,PYG
江西,瑞昌,RCG
江西,瑞昌西,RXG
江西,瑞金,RJG
江西,上饶,SRG
江西,泰和,THG
江西,五府山,WFG
江西,万年,WWG
江西,婺源,WYG
江西,信丰,EFG
江西,兴国,EUG
江西,新干,EGG
江西,峡江,EJG
江西,向塘,XTG
江西,新余,XUG
江西,新余北,XBG
江西,宜春,YEG
江西,宜春西,YCG
江西,于都,YDG
江西,余江,YHG
江西,玉山,YNG
江西,玉山南,YGG
江西,鹰潭,YTG
江西,鹰潭北,YKG
江西,永修,ACG
江西,弋阳,YIG
江西,樟树,ZSG
江西,樟树东,ZOG
江西,资溪,ZXS
辽宁,阿金,AJD
辽宁,安平,APT
辽宁,鞍山,AST
辽宁,鞍山西,AXT
辽宁,八角台,BTD
辽宁,北井子,BRT
辽宁,八里甸子,BLT
辽宁,八面城,BMD
辽宁,北票,BPT
辽宁,北票南,RPD
辽宁,北台,BTT
辽宁,本溪,BXT
辽宁,本溪湖,BHT
辽宁,本溪新城,BVT
辽宁,鲅鱼圈,BYT
辽宁,长甸,CDT
辽宁,草河口,CKT
辽宁,长岭子,CLT
辽宁,草市,CSL
辽宁,苍石,CST
辽宁,昌图,CTT
辽宁,昌图西,CPT
辽宁,陈相屯,CXT
辽宁,朝阳,VBT
辽宁,朝阳南,CYD
辽宁,城子坦,CWT
辽宁,大巴,DBD
辽宁,大堡,DVT
辽宁,大成,DCT
辽宁,丹东,DUT
辽宁,丹东西,RWT
辽宁,刀尔登,DRD
辽宁,东港北,RGT
辽宁,大孤山,RMT
辽宁,大官屯,DTT
辽宁,大红旗,DQD
辽宁,大虎山,DHD
辽宁,大连,DLT
辽宁,大连北,DFT
辽宁,大平房,DPD
辽宁,登沙河,DWT
辽宁,大石桥,DQT
辽宁,灯塔,DGT
辽宁,东辛庄,DXD
辽宁,大阳,RET
辽宁,大营子,DZD
辽宁,凤城东,FDT
辽宁,凤凰城,FHT
辽宁,抚顺,FST
辽宁,抚顺北,FET
辽宁,阜新,FOT
辽宁,阜新南,FXD
辽宁,沟帮子,GBD
辽宁,孤家子,GKT
辽宁,广宁寺,GQT
辽宁,高桥镇,GZD
辽宁,灌水,GST
辽宁,高山子,GSD
辽宁,公营子,GYD
辽宁,盖州,GXT
辽宁,盖州西,GAT
辽宁,海城,HCT
辽宁,海城西,HXT
辽宁,皇姑屯,HTT
辽宁,浑河,HHT
辽宁,寒岭,HAT
辽宁,葫芦岛,HLD
辽宁,葫芦岛北,HPD
辽宁,火连寨,HLT
辽宁,黑山北,HQT
辽宁,虎石台,HUT
辽宁,花园口,HYT
辽宁,建昌,JFD
辽宁,青堆,QET
辽宁,鸡冠山,JST
辽宁,金坑,JKT
辽宁,夹心子,JXT
辽宁,锦州,JZD
辽宁,金州,JZT
辽宁,锦州南,JOD
辽宁,金杖子,JYD
辽宁,宽甸,KDT
辽宁,开原,KYT
辽宁,开原西,KXT
辽宁,喀左,KZT
辽宁,老边,LLT
辽宁,李石寨,LET
辽宁,凌海,JID
辽宁,亮甲店,LRT
辽宁,刘家河,LVT
辽宁,旅顺,LST
辽宁,林盛堡,LBT
辽宁,连山关,LGT
辽宁,柳树屯,LSD
辽宁,辽阳,LYT
辽宁,凌源,LYD
辽宁,凌源东,LDD
辽宁,辽中,LZD
辽宁,龙爪沟,LZT
辽宁,马三家,MJT
辽宁,南芬,NFT
辽宁,南芬北,NUT
辽宁,南关岭,NLT
辽宁,牛河梁,LKT
辽宁,泥河子,NHD
辽宁,能家,NJD
辽宁,南口前,NKT
辽宁,奈林皋,NGT
辽宁,南桥,NQD
辽宁,南台,NTT
辽宁,牛心台,NXT
辽宁,南杂木,NZT
辽宁,瓢儿屯,PRT
辽宁,盘锦,PVD
辽宁,盘锦北,PBD
辽宁,皮口,PUT
辽宁,偏岭,PNT
辽宁,普兰店,PLT
辽宁,普湾,PWT
辽宁,泡子,POD
辽宁,清河门,QHD
辽宁,清河门北,QBD
辽宁,祁家堡,QBT
辽宁,七里河,QLD
辽宁,桥头,QAT
辽宁,前卫,QWD
辽宁,清原,QYT
辽宁,绕阳河,RHD
辽宁,世博园,ZWT
辽宁,石城,SCT
辽宁,沙海,SED
辽宁,沙河口,SKT
辽宁,沙后所,SSD
辽宁,三江口,SKD
辽宁,苏家屯,SXT
辽宁,深井子,SWT
辽宁,十家子,SJD
辽宁,水泉,SID
辽宁,石桥子,SQT
辽宁,石山,SAD
辽宁,首山,SAT
辽宁,松树,SFT
辽宁,三十家,SRD
辽宁,三十里堡,SST
辽宁,上园,SUD
辽宁,沈阳,SYT
辽宁,沈阳北,SBT
辽宁,沈阳东,SDT
辽宁,沈阳南,SOT
辽宁,沈阳西,OOT
辽宁,绥中,SZD
辽宁,绥中北,SND
辽宁,台安,TID
辽宁,铁刹山,PST
辽宁,铁岭,TLT
辽宁,铁岭西,PXT
辽宁,汤山城,TCT
辽宁,田师府,TFT
辽宁,通远堡,TYT
辽宁,通远堡西,TST
辽宁,瓦房店,WDT
辽宁,瓦房店西,WXT
辽宁,吴家屯,WJT
辽宁,五龙背,WBT
辽宁,五龙背东,WMT
辽宁,五女山,WET
辽宁,歪头山,WIT
辽宁,魏杖子,WKD
辽宁,兴城,XCD
辽宁,新城子,XCT
辽宁,小东,XOD
辽宁,西丰,XFT
辽宁,许家屯,XJT
辽宁,西柳,GCT
辽宁,兴隆店,XDD
辽宁,新立屯,XLD
辽宁,新民,XMD
辽宁,新民北,XOT
辽宁,下马塘,XAT
辽宁,新邱,XQD
辽宁,小市,XST
辽宁,杏树屯,XDT
辽宁,熊岳城,XYT
辽宁,叶柏寿,YBD
辽宁,营城子,YCT
辽宁,营口,YKT
辽宁,营口东,YGT
辽宁,一面山,YST
辽宁,姚千户屯,YQT
辽宁,榆树台,YUT
辽宁,义县,YXD
辽宁,义县西,YSD
辽宁,杨杖子,YZD
辽宁,章党,ZHT
辽宁,章古台,ZGD
辽宁,庄河北,ZUT
辽宁,周家屯,ZOD
辽宁,周水子,ZIT
辽宁,彰武,ZWD
内蒙古,阿巴嘎旗,AQC
内蒙古,阿尔山,ART
内蒙古,阿尔山北,ARX
内蒙古,敖汉,YED
内蒙古,敖力布告,ALD
内蒙古,阿里河,AHX
内蒙古,阿龙山,ASX
内蒙古,贲红,BVC
内蒙古,保康,BKD
内蒙古,博克图,BKX
内蒙古,白狼,BAT
内蒙古,巴林,BLX
内蒙古,宝拉格,BQC
内蒙古,宝龙山,BND
内蒙古,包头,BTC
内蒙古,包头东,BDC
内蒙古,八仙筒,VXD
内蒙古,白音察干,BYC
内蒙古,白云鄂博,BEC
内蒙古,巴彦高勒,BAC
内蒙古,白音华南,FNC
内蒙古,白音胡硕,BCD
内蒙古,白音他拉,BID
内蒙古,查布嘎,CBC
内蒙古,赤峰,CFD
内蒙古,赤峰西,CID
内蒙古,嵯岗,CAX
内蒙古,成吉思汗,CJX
内蒙古,察素齐,CSC
内蒙古,大板,DBC
内蒙古,德伯斯,RDT
内蒙古,得耳布尔,DRX
内蒙古,东来,RVD
内蒙古,大林,DLD
内蒙古,大陆号,DLC
内蒙古,达拉特旗,DIC
内蒙古,达拉特西,DNC
内蒙古,东明村,DMD
内蒙古,大青沟,DSD
内蒙古,大其拉哈,DQX
内蒙古,东胜西,DYC
内蒙古,东胜,DOC
内蒙古,东胜东,RSC
内蒙古,大石寨,RZT
内蒙古,大雁,DYX
内蒙古,大杨树,DUX
内蒙古,鄂尔多斯,EEC
内蒙古,额济纳,EJC
内蒙古,二连,RLC
内蒙古,丰镇,FZC
内蒙古,葛根庙,GGT
内蒙古,根河,GEX
内蒙古,甘河,GAX
内蒙古,归流河,GHT
内蒙古,公庙子,GMC
内蒙古,甘旗卡,GQD
内蒙古,嘎什甸子,GXD
内蒙古,化德,HGC
内蒙古,红花沟,VHD
内蒙古,呼和浩特,HHC
内蒙古,呼和浩特东,NDC
内蒙古,黄花筒,HUD
内蒙古,海拉尔,HRX
内蒙古,霍林郭勒,HWD
内蒙古,哈拉苏,HAX
内蒙古,呼鲁斯太,VTJ
内蒙古,红彦,VIX
内蒙古,金宝屯,JBD
内蒙古,加格达奇,JGX
内蒙古,金河,JHX
内蒙古,集宁南,JAC
内蒙古,经棚,JPC
内蒙古,吉文,JWX
内蒙古,库都尔,KDX
内蒙古,昆都仑召,KDC
内蒙古,库伦,KLD
内蒙古,开鲁,KLC
内蒙古,喀喇其,KQX
内蒙古,克一河,KHX
内蒙古,林东,LRC
内蒙古,老府,UFD
内蒙古,临河,LHC
内蒙古,林西,LXC
内蒙古,免渡河,MDX
内蒙古,莫尔道嘎,MRX
内蒙古,满归,MHX
内蒙古,马林,MID
内蒙古,木里图,MUD
内蒙古,明水河,MUT
内蒙古,满洲里,MLX
内蒙古,宁家,NVT
内蒙古,乃林,NLD
内蒙古,奈曼,NMD
内蒙古,南木,NMX
内蒙古,平庄,PZD
内蒙古,平庄南,PND
内蒙古,旗下营,QXC
内蒙古,庆阳山,QSJ
内蒙古,热水,RSD
内蒙古,商都,SXC
内蒙古,四道湾,OUD
内蒙古,桑根达来,OGC
内蒙古,赛汗塔拉,SHC
内蒙古,索伦,SNT
内蒙古,舍力虎,VLD
内蒙古,萨拉齐,SLC
内蒙古,苏尼特左旗,ONC
内蒙古,索图罕,SHX
内蒙古,三义井,OYD
内蒙古,塔尔气,TVX
内蒙古,土贵乌拉,TGC
内蒙古,托克托东,TVC
内蒙古,通辽,TLD
内蒙古,图里河,TEX
内蒙古,吐列毛杜,TMD
内蒙古,土牧尔台,TRC
内蒙古,天义,TND
内蒙古,五叉沟,WCT
内蒙古,卫东,WVT
内蒙古,乌尔旗汗,WHX
内蒙古,乌海,WVC
内蒙古,乌海西,WXC
内蒙古,乌兰察布,WPC
内蒙古,乌兰哈达,WLC
内蒙古,乌兰浩特,WWT
内蒙古,乌拉山,WSC
内蒙古,乌拉特前旗,WQC
内蒙古,乌奴耳,WRX
内蒙古,五原,WYC
内蒙古,新绰源,XRX
内蒙古,先锋,NQQ
内蒙古,兴和西,XEC
内蒙古,小河沿,XYD
内蒙古,锡林浩特,XTC
内蒙古,新窝铺,EPD
内蒙古,西乌旗,XWC
内蒙古,西小召,XZC
内蒙古,小扬气,XYX
内蒙古,汐子,XZD
内蒙古,新帐房,XZX
内蒙古,西哲里木,XRD
内蒙古,元宝山,YUD
内蒙古,伊尔施,YET
内蒙古,岳家井,YGJ
内蒙古,牙克石,YKX
内蒙古,余粮堡,YLD
内蒙古,伊敏,YMX
内蒙古,伊图里河,YEX
内蒙古,治安,ZAD
内蒙古,准格尔,ZEC
内蒙古,哲里木,ZLC
内蒙古,扎赉诺尔西,ZXX
内蒙古,扎兰屯,ZTX
内蒙古,扎鲁特,ZLD
内蒙古,朱日和,ZRC
内蒙古,珠斯花,ZHD
内蒙古,正镶白旗,ZXC
内蒙古,卓资东,ZDC
内蒙古,卓资山,ZZC
宁夏,艾家村,AJJ
宁夏,白芨沟,BJJ
宁夏,褚家湾,CWJ
宁夏,长农,CNJ
宁夏,大坝,DBJ
宁夏,大磴沟,DKJ
宁夏,大武口,DFJ
宁夏,大战场,DTJ
宁夏,二营,RYJ
宁夏,红寺堡,HSJ
宁夏,干塘,GNJ
宁夏,固原,GUJ
宁夏,韩府湾,HXJ
宁夏,惠农,HMJ
宁夏,黄羊滩,HGJ
宁夏,六盘山,UPJ
宁夏,李旺,VLJ
宁夏,灵武,LNJ
宁夏,宁东,NOJ
宁夏,宁东南,NDJ
宁夏,暖泉,NQJ
宁夏,彭阳,PYJ
宁夏,青铜峡,QTJ
宁夏,七营,QYJ
宁夏,汝箕沟,RQJ
宁夏,石坝,OBJ
宁夏,三关口,OKJ
宁夏,沈家河,OJJ
宁夏,沙坡头,SFJ
宁夏,三营,OEJ
宁夏,石嘴山,QQJ
宁夏,土桥子,TQJ
宁夏,同心,TXJ
宁夏,王团庄,WZJ
宁夏,宣和,XWJ
宁夏,银川,YIJ
宁夏,营盘水,YZJ
宁夏,中宁,VNJ
宁夏,中宁东,ZDJ
宁夏,中宁南,ZNJ
宁夏,中卫,ZWJ
青海,茶卡,CVO
青海,德令哈,DHO
青海,大通西,DTO
青海,格尔木,GRO
青海,海东西,HDO
青海,海晏,HFO
青海,湟源,HNO
青海,乐都,LDO
青海,乐都南,LVO
青海,民和南,MNO
青海,门源,MYO
青海,平安驿,PNO
青海,西宁,XNO
山东,博兴,BXK
山东,滨州,BIK
山东,昌乐,CLK
山东,曹县,CXK
山东,城阳,CEK
山东,磁窑,CYK
山东,常庄,CVK
山东,董家口,DTK
山东,大明湖,JAK
山东,东明县,DNF
山东,定陶,DQK
山东,东营,DPK
山东,东营南,DOK
山东,德州,DZP
山东,德州东,DIP
山东,费县,FXK
山东,范镇,VZK
山东,高密,GMK
山东,高密北,GVK
山东,谷山,FFQ
山东,桓台,VTK
山东,黑旺,HWK
山东,海阳北,HEK
山东,菏泽,HIK
山东,鄄城,JCK
山东,青岛北,QHK
山东,即墨北,JVK
山东,济南,JNK
山东,莒南,JOK
山东,济宁,JIK
山东,济南东,MDK
山东,济南西,JGK
山东,邹平,ZLK
山东,嘉祥,JUK
山东,莒县,JKK
山东,巨野,JYK
山东,胶州,JXK
山东,胶州北,JZK
山东,青州市北,QOK
山东,蓝村,LCK
山东,聊城,UCK
山东,陵城,LGK
山东,蔺家楼,ULK
山东,利津南,LNK
山东,龙口市,UKK
山东,兰陵北,COK
山东,临清,UQK
山东,梁山,LMK
山东,岚山西,UWK
山东,莱芜东,LWK
山东,莱芜西,UXK
山东,莱西,LXK
山东,莱西北,LBK
山东,莱阳,LYK
山东,临邑,LUK
山东,临沂,LVK
山东,临沂东,UYK
山东,临淄北,UEK
山东,牟平,MBK
山东,庙山,MSN
山东,南博山,NBK
山东,南仇,NCK
山东,平度,PAK
山东,蓬莱市,POK
山东,坪上,PSK
山东,平邑,PIK
山东,平原,PYK
山东,平原东,PUK
山东,青岛,QDK
山东,青岛西,QUK
山东,曲阜,QFK
山东,曲阜东,QAK
山东,齐河,QIK
山东,青州市,QZK
山东,荣成,RCK
山东,乳山,ROK
山东,日照,RZK
山东,日照西,KZK
山东,上高镇,SVK
山东,商河,SOK
山东,司家岭,OLK
山东,泗水,OSK
山东,泰安,TMK
山东,郯城,TZK
山东,桃村,TCK
山东,桃村北,TOK
山东,泰山,TAK
山东,滕州,TXK
山东,滕州东,TEK
山东,文登,WBK
山东,文登东,WGK
山东,潍坊,WFK
山东,潍坊北,WJK
山东,威海,WKK
山东,威海北,WHK
山东,五莲,WLK
山东,徐家店,HYK
山东,晏城,YEK
山东,郓城,YPK
山东,禹城,YCK
山东,禹城东,YSK
山东,阳谷,YIK
山东,燕家庄,AZK
山东,沂南,YNK
山东,源迁,AQK
山东,沂水,YUK
山东,烟台,YAK
山东,烟台南,YLK
山东,烟台西,YTK
山东,阳信,YVK
山东,兖州,YZK
山东,淄博,ZBK
山东,淄博北,ZRK
山东,邹城,ZIK
山东,诸城,ZQK
山东,枣庄西,ZFK
山东,章丘,ZTK
山东,章丘北,ZVK
山东,枣庄,ZEK
山东,枣庄东,ZNK
山西,安塘,ATV
山西,白壁关,BGV
山西,白文东,BCV
山西,北营,BIV
山西,蔡家崖,EBV
山西,长治,CZF
山西,长治北,CBF
山西,大涧,DFP
山西,豆罗,DLV
山西,大同,DTV
山西,定襄,DXV
山西,代县,DKV
山西,大营,DYV
山西,岱岳,RYV
山西,东淤地,DBV
山西,东镇,DNV
山西,东庄,DZV
山西,兑镇,DWV
山西,汾河,FEV
山西,风陵渡,FLV
山西,汾阳,FAV
山西,繁峙,FSV
山西,高村,GCV
山西,古东,GDV
山西,古交,GJV
山西,高平,GPF
山西,河边,HBV
山西,洪洞,HDV
山西,洪洞西,HTV
山西,河津,HJV
山西,侯马,HMV
山西,侯马西,HPV
山西,怀仁,HRV
山西,怀仁东,HFV
山西,霍州,HZV
山西,霍州东,HWV
山西,交城,JNV
山西,晋城,JCF
山西,晋城北,JEF
山西,嘉峰,JFF
山西,稷山,JVV
山西,介休,JXV
山西,介休东,JDV
山西,晋中,JZV
山西,岢岚,KLV
山西,潞城,UTP
山西,黎城,UCP
山西,娄烦,USV
山西,临汾,LFV
山西,临汾西,LXV
山西,吕梁,LHV
山西,柳林南,LKV
山西,灵丘,LVV
山西,灵石,LSV
山西,灵石东,UDV
山西,岚县,UXV
山西,马兰,MLR
山西,宁武,NWV
山西,娘子关,NIP
山西,平社,PSV
山西,平旺,PWV
山西,平型关,PGV
山西,平遥,PYV
山西,平遥古城,PDV
山西,秦家庄,QZV
山西,沁县,QVV
山西,祁县,QXV
山西,清徐,QUV
山西,祁县东,QGV
山西,神池,SMV
山西,神头,SEV
山西,山阴,SNV
山西,寿阳,SYV
山西,水洋,OYP
山西,朔州,SUV
山西,太谷,TGV
山西,太谷西,TIV
山西,太原,TYV
山西,太原北,TBV
山西,太原东,TDV
山西,太原南,TNV
山西,天镇,TZV
山西,文水,WEV
山西,五台山,WSV
山西,闻喜,WXV
山西,武乡,WVV
山西,闻喜西,WOV
山西,五寨,WZV
山西,微子镇,WQP
山西,襄汾,XFV
山西,襄汾西,XTV
山西,轩岗,XGV
山西,新绛,XJV
山西,孝南,XNV
山西,下社,XSV
山西,孝西,XOV
山西,襄垣,EIF
山西,西阳村,XQF
山西,忻州,XXV
山西,忻州西,IXV
山西,榆次,YCV
山西,运城,YNV
山西,阳城,YNF
山西,盐池,YKJ
山西,运城北,ABV
山西,云彩岭,ACP
山西,阳高,YOV
山西,岩会,AEP
山西,永济,YIV
山西,永济北,AJV
山西,阳明堡,YVV
山西,原平,YPV
山西,原平西,IPV
山西,阳曲,YQV
山西,阳泉,AQP
山西,阳泉北,YPP
山西,阳泉曲,YYV
山西,阳曲西,IQV
山西,榆社,YSV
山西,应县,YZV
山西,招柏,ZBP
山西,赵城,ZCV
山西,镇城底,ZDV
山西,枣林,ZIV
山西,张兰,ZLV
陕西,安康,AKY
陕西,蒲城东,PEY
陕西,白河东,BIY
陕西,白河县,BEY
陕西,宝鸡,BJY
陕西,宝鸡南,BBY
陕西,巴山,BAY
陕西,白水江,BSY
陕西,彬州,BXY
陕西,城固,CGY
陕西,城固北,CBY
陕西,蔡家坡,CJY
陕西,长武,CWY
陕西,定边,DYJ
陕西,东岔,DCJ
陕西,丹凤,DGY
陕西,大荔,DNY
陕西,大竹园,DZY
陕西,阿房宫,EGY
陕西,佛坪,FUY
陕西,富县,FEY
陕西,凤县,FXY
陕西,富县东,FDY
陕西,凤州,FZY
陕西,甘泉,GQY
陕西,甘泉北,GEY
陕西,高滩,GAY
陕西,虢镇,GZY
陕西,合阳北,HTY
陕西,韩城,HCY
陕西,鄠邑,KXY
陕西,黄陵,ULY
陕西,黄陵南,VLY
陕西,华山,HSY
陕西,华山北,HDY
陕西,汉阴,HQY
陕西,合阳,HAY
陕西,汉中,HOY
陕西,靖边,JIY
陕西,锦界,JEY
陕西,礼泉,LGY
陕西,陇县,LXY
陕西,略阳,LYY
陕西,毛坝关,MGY
陕西,勉县,MVY
陕西,米脂,MEY
陕西,宁强南,NOY
陕西,蒲城,PCY
陕西,千河,QUY
陕西,曲江,QIM
陕西,清涧县,QNY
陕西,秦岭,QLY
陕西,岐山,QAY
陕西,乾县,QBY
陕西,千阳,QOY
陕西,绥德,ODY
陕西,蜀河,SHY
陕西,商洛,OLY
陕西,神木,HMY
陕西,商南,ONY
陕西,石泉县,SXY
陕西,三原,SAY
陕西,孙镇,OZY
陕西,潼关,TGY
陕西,吴堡,WUY
陕西,武功,WGY
陕西,渭南,WNY
陕西,渭南北,WBY
陕西,渭南南,WVY
陕西,韦庄,WZY
陕西,西安,XAY
陕西,西安北,EAY
陕西,西安南,CAY
陕西,兴平,XPY
陕西,西乡,XQY
陕西,洋县西,YXY
陕西,咸阳,XYY
陕西,旬阳,XUY
陕西,旬阳北,XBY
陕西,咸阳秦都,XOY
陕西,延安,YWY
陕西,砚川,YYY
陕西,杨陵,YSY
陕西,阎良,YNY
陕西,榆林,ALY
陕西,永乐店,YDY
陕西,杨陵南,YEY
陕西,阳平关,YAY
陕西,永寿,ASY
陕西,燕子砭,YZY
陕西,镇安,ZEY
陕西,子长,ZHY
陕西,钟家村,ZJY
陕西,张桥,ZQY
陕西,柞水,ZSY
陕西,棕溪,ZOY
陕西,紫阳,ZVY
陕西,子洲,ZZY
上海,安亭北,ASH
上海,当涂东,OWH
上海,芦潮港,UCH
上海,海湾,RWH
上海,南翔北,NEH
上海,上海,SHH
上海,上海虹桥,AOH
上海,上海南,SNH
上海,上海西,SXH
上海,松江,SAH
上海,松江南,IMH
四川,安德,ARW
四川,广汉北,GVW
四川,安靖,PYW
四川,百里峡,AAP
四川,彭山北,PPW
四川,步行街,BWW
四川,巴中,IEW
四川,成都,CDW
四川,成都东,ICW
四川,成都南,CNW
四川,成都西,CMW
四川,朝天,CTE
四川,朝天南,CTY
四川,苍溪,CXE
四川,朝阳湖,CYE
四川,崇州,CZE
四川,德昌,DVW
四川,都江堰,DDW
四川,德阳,DYW
四川,大邑,DEE
四川,大英东,IAW
四川,达州,RXW
四川,峨边,EBW
四川,峨眉,EMW
四川,峨眉山,IXW
四川,广安,VJW
四川,广安南,VUW
四川,红光镇,IGW
四川,广汉,GHW
四川,甘洛,VOW
四川,广元,GYW
四川,广元南,GAW
四川,花棚子,HZM
四川,华蓥,HUW
四川,汉源,WHW
四川,青城山,QSW
四川,剑门关,JME
四川,犍为,JWE
四川,简阳,JYW
四川,江油,JFW
四川,江油北,JBE
四川,简阳南,JOW
四川,开江,KAW
四川,隆昌,LCW
四川,隆昌北,NWW
四川,离堆公园,INW
四川,罗江,LJW
四川,罗江东,IKW
四川,乐山,IVW
四川,乐山北,UTW
四川,阆中,LZE
四川,拉鲊,LEM
四川,毛坝,MBY
四川,茅草坪,KPM
四川,冕宁,UGW
四川,眉山,MSW
四川,名山,MSE
四川,眉山东,IUW
四川,漫水湾,MKW
四川,米易,MMW
四川,绵阳,MYW
四川,南部,NBE
四川,南充,NCW
四川,南充北,NCE
四川,南江,FIW
四川,内江,NJW
四川,内江北,NKW
四川,泥溪,NIE
四川,蓬安,PAW
四川,平昌,PCE
四川,蒲江,PJE
四川,彭山,PSW
四川,屏山,PSE
四川,普雄,POW
四川,蓬溪,KZW
四川,郫县,PWW
四川,郫县西,PCW
四川,彭州,PMW
四川,攀枝花,PRW
四川,彭州南,PKW
四川,青白江东,QFW
四川,青川,QCE
四川,邛崃,QLE
四川,青莲,QEW
四川,青神,QVW
四川,渠县,QRW
四川,三汇镇,OZW
四川,双流机场,IPW
四川,双流西,IQW
四川,遂宁,NIW
四川,石梯,STE
四川,太和北,JYN
四川,土溪,TSW
四川,桐子林,TEW
四川,旺苍,WEW
四川,温江,WJE
四川,武胜,WSE
四川,万源,WYY
四川,西昌,ECW
四川,西昌南,ENW
四川,喜德,EDW
四川,新都东,EWW
四川,宣汉,XHY
四川,新江,XJM
四川,新津,IRW
四川,新津南,ITW
四川,谢家镇,XMT
四川,西来,XLE
四川,犀浦,XIW
四川,犀浦东,XAW
四川,雅安,YAE
四川,宜宾,YBW
四川,迎宾路,YFW
四川,宜宾西,YXE
四川,岳池,AWW
四川,姚渡,AOJ
四川,燕岗,YGW
四川,永郎,YLW
四川,羊马,YME
四川,营山,NUW
四川,越西,YHW
四川,迤资,YQM
四川,自贡,ZGW
四川,昭化,ZHW
四川,资阳,ZYW
四川,资阳北,FYW
四川,竹园坝,ZAW
四川,资中,ZZW
四川,资中北,WZW
天津,宝坻,BPP
天津,崔黄口,CHP
天津,曹子里,CFP
天津,大口屯,DKP
天津,豆张庄,RZP
天津,汉沽,HGP
天津,静海,JHP
天津,军粮城北,JMP
天津,蓟州,JIP
天津,蓟州北,JKP
天津,芦台,LTP
天津,塘沽,TGP
天津,天津,TJP
天津,天津北,TBP
天津,天津南,TIP
天津,天津西,TXP
天津,武清,WWP
天津,杨村,YBP
天津,杨柳青,YQP
新疆,阿克陶,AER
新疆,阿克苏,ASR
新疆,阿拉山口,AKR
新疆,阿勒泰,AUR
新疆,阿图什,ATR
新疆,巴楚,BCR
新疆,博乐,BOR
新疆,布列开,BLR
新疆,北屯市,BXR
新疆,达坂城,DCR
新疆,大丰,KRQ
新疆,福海,FHR
新疆,霍城,SER
新疆,霍尔果斯,HFR
新疆,和静,HJR
新疆,哈密,HMR
新疆,和什托洛盖,VSR
新疆,和田,VTR
新疆,精河,JHR
新疆,精河南,JIR
新疆,库车,KCR
新疆,库尔勒,KLR
新疆,克拉玛依,KHR
新疆,喀什,KSR
新疆,奎屯,KTR
新疆,昆玉,ESR
新疆,轮台,LAR
新疆,玛纳斯,MSR
新疆,玛纳斯湖,MNR
新疆,墨玉,MUR
新疆,尼勒克,NIR
新疆,皮山,PSR
新疆,莎车,SCR
新疆,石河子,SZR
新疆,四棵树,SIR
新疆,鄯善,SSR
新疆,鄯善北,SMR
新疆,沙湾县,SXR
新疆,塔城,TZR
新疆,吐哈,THR
新疆,吐鲁番,TFR
新疆,吐鲁番北,TAR
新疆,乌鲁木齐,WAR
新疆,乌鲁木齐南,WMR
新疆,乌苏,WSR
新疆,五五,WVR
新疆,乌西,WXR
新疆,叶城,YER
新疆,新和,XIR
新疆,英吉沙,YIR
新疆,伊宁,YMR
新疆,伊宁东,YNR
新疆,焉耆,YSR
新疆,泽普,ZPR
云南,阿南庄,AZM
云南,碧鸡关,BJM
云南,班猫箐,BNM
云南,白沙坡,BPM
云南,白水镇,BUM
云南,长冲,CCM
云南,长坡岭,CPM
云南,楚雄,CUM
云南,楚雄南,COM
云南,车转湾,CWM
云南,大关,RGW
云南,大苴,DIM
云南,大理,DKM
云南,读书铺,DPM
云南,大湾子,DFM
云南,甸心,DXM
云南,富宁,FNM
云南,富源,FYM
云南,富源北,FBM
云南,高楼房,GFM
云南,广南卫,GNM
云南,广南县,GXM
云南,广通北,GPM
云南,黄瓜园,HYM
云南,红江,HFM
云南,黑井,HIM
云南,河口北,HBM
云南,鹤庆,HQM
云南,金马村,JMM
云南,建水,JSM
云南,江所田,JOM
云南,昆明,KMM
云南,昆明南,KOM
云南,昆明西,KXM
云南,昆阳,KAM
云南,禄丰南,LQM
云南,芦沟,LOM
云南,龙骨甸,LGM
云南,丽江,LHM
云南,陆良,LRM
云南,罗平,LPM
云南,乐善村,LUM
云南,龙塘坝,LBM
云南,弥渡,MDF
云南,弥勒,MLM
云南,马龙,MGM
云南,沐滂,MPQ
云南,茂舍祖,MOM
云南,蒙自,MZM
云南,蒙自北,MBM
云南,南华,NAM
云南,屏边,PBM
云南,平河口,PHM
云南,普者黑,PZM
云南,七甸,QDM
云南,曲靖,QJM
云南,曲靖北,QBM
云南,水富,OTW
云南,施家嘴,SHM
云南,石林,SLM
云南,石林南,LNM
云南,石林西,SYM
云南,嵩明,SVM
云南,沙桥,SQM
云南,师庄,SNM
云南,师宗,SEM
云南,棠海,THM
云南,通海,TAM
云南,塔石嘴,TIM
云南,吴官田,WGM
云南,王家营西,KNM
云南,新安,EAM
云南,小村,XEM
云南,小得江,EJM
云南,西街口,EKM
云南,小哨,XAM
云南,宣威,XWM
云南,小新街,XXM
云南,祥云,XQM
云南,小月旧,XFM
云南,祥云西,EXM
云南,姚安,YAC
云南,羊堡,ABM
云南,秧草地,YKM
云南,尹地,YDM
云南,永丰营,YYM
云南,盐津,AEW
云南,羊臼河,YHM
云南,彝良,ALW
云南,杨林,YLM
云南,宜良北,YSM
云南,元谋,YMM
云南,宜耐,YVM
云南,云南驿,ANM
云南,羊尾哨,YWM
云南,玉溪,AXM
云南,羊者窝,AEM
云南,照福铺,ZFM
云南,曾家坪子,ZBW
云南,珠琳,ZOM
云南,泽润里,ZLM
云南,昭通,ZDW
云南,中寨,ZZM
浙江,鳌江,ARH
浙江,安仁,ARG
浙江,苍南,CEH
浙江,常山,CSU
浙江,长兴,CBH
浙江,长兴南,CFH
浙江,桐庐,TLU
浙江,德清,DRH
浙江,德清西,MOH
浙江,桐乡,TCH
浙江,奉化,FHH
浙江,富阳,FYU
浙江,海宁,HNH
浙江,海宁西,EUH
浙江,杭州,HZH
浙江,湖州,VZH
浙江,杭州东,HGH
浙江,杭州南,XHH
浙江,建德,JDU
浙江,金华,JBH
浙江,金华南,RNH
浙江,江山,JUH
浙江,嘉善,JSH
浙江,嘉善南,EAH
浙江,嘉兴,JXH
浙江,嘉兴南,EPH
浙江,缙云,JYH
浙江,缙云西,PYH
浙江,开化,KHU
浙江,临海,UFH
浙江,乐清,UPH
浙江,丽水,USH
浙江,兰溪,LWH
浙江,龙游,LMH
浙江,宁波,NGH
浙江,宁波东,NVH
浙江,宁海,NHH
浙江,千岛湖,QDU
浙江,青田,QVH
浙江,衢州,QEH
浙江,瑞安,RAH
浙江,绅坊,OLH
浙江,三门县,OQH
浙江,绍兴,SOH
浙江,绍兴北,SLH
浙江,绍兴东,SSH
浙江,上虞,BDH
浙江,余杭,EVH
浙江,台州,TZH
浙江,温岭,VHH
浙江,武义北,WDH
浙江,武义,RYH
浙江,温州,RZH
浙江,温州南,VRH
浙江,雁荡山,YGH
浙江,永嘉,URH
浙江,永康,RFH
浙江,永康南,QUH
浙江,义乌,YWH
浙江,余姚,YYH
浙江,余姚北,CTH
浙江,诸暨,ZDH
浙江,庄桥,ZQH
